name,room_type,price,minimum_nights,number_of_reviews
Short North - Italianate Cottage,Entire home/apt,116,1,401
Private queen bedroom 1 - N.Campus,Private room,24,3,98
The Bellows' Studio Loft  (3rd floor apartment),Private room,80,2,224
2 bed/Safe/Quiet/Clean/Ample Parking/OSU/Laundry,Entire home/apt,115,2,132
1 Single Bed in a Shared Coed Dorm at the Hostel,Shared room,35,1,222
Full Private Room at the Hostel,Private room,67,1,45
Comfortable rooms in Clintonville 1,Private room,75,1,166
Better than a hotel! German Village,Entire home/apt,206,7,136
Downtown! Beautiful Historic Old Oaks Home!,Entire home/apt,225,1,67
Comfortable rooms in Clintonville 2,Private room,75,1,131
1 Single Bed in a Shared Coed Dorm at the Hostel,Shared room,38,1,45
Charming 1BR Clintonville Apt (2-mo. min. rental),Entire home/apt,55,60,80
Terrific Apt just south of OSU,Entire home/apt,180,2,29
Mid-Century Sweet Little Apartment,Entire home/apt,140,2,22
Close to OSU and Riverside Hospital (30day min),Private room,38,30,48
German Village Getaway,Entire home/apt,250,4,3
Great apartment with extra rooms,Entire home/apt,160,2,35
Extra Clean  House Close Downtown/OSU,Entire home/apt,72,1,206
Eclectic Short North Escape w/FREE Parking,Entire home/apt,199,2,128
Comfortable nice Bedroom,Private room,50,1,12
Short North / Italian Village Modern Urban Retreat,Entire home/apt,206,2,28
Relaxation Near Easton (Sky),Private room,50,28,41
The Manor-  3rd FL. Loft Apt. - Close to Downtown,Entire home/apt,69,1,215
King Private Room at the Hostel,Private room,84,1,39
Comfy I  3BD  Free Parkng  Monthly Rates Avail!,Entire home/apt,130,1,252
CMH Airport |670 Downtown| Gahanna| Bexley,Private room,35,2,97
Large Short North House,Entire home/apt,308,1,131
Comfy bedroom with unshared bath near downtown,Private room,73,6,40
Apt SHORT NORTH on Goodale Park,Entire home/apt,120,30,127
Short North Close to OSU!,Entire home/apt,104,2,140
Nice BD/ off street parking/Shabat,Private room,75,2,8
Relaxation Near Easton (Sand),Private room,50,28,30
Your  Home in Columbus  Ohio 43230,Private room,48,1,134
Your home in Columbus 43230,Private room,58,1,100
Quaint Townhome | Walkable | Work From Here!,Entire home/apt,93,2,64
SERENITY NOW!,Entire home/apt,181,30,36
Private 3rd floor room close to OSU & Short North!,Private room,24,1,75
Historic home near German Village,Entire home/apt,220,30,28
Comfy II  3BD  Free Parkng  Monthly Rates Avail!,Entire home/apt,113,1,288
Tulsa #3 Nicely Priced Bedroom,Private room,54,30,11
Tulsa #1 Large House Master Bedroom,Private room,61,30,8
Tulsa #4 Nicely Priced Bedroom,Private room,54,30,14
1BR Apt. on Clintonville Ravine,Entire home/apt,85,3,86
Beautiful condo in downtown,Entire home/apt,107,30,27
Restful Retreat right in the city!,Private room,95,1,24
Tulsa #5 Bedroom  large,Private room,54,30,10
Tulsa #6 Nicely Priced Bedroom,Private room,54,30,14
Beautiful Olde Towne East Home close to Downtown,Private room,30,1,390
Classic Second-Floor Olde Town East-Full Apartment,Entire home/apt,65,2,130
Fabulous apartment inside beautiful home,Private room,64,2,40
Big 3 Story House Downtown Columbus,Entire home/apt,314,1,129
SHORT NORTH STUDIO. 1 minute to HIGH ST.,Entire home/apt,740,30,70
Safe Guest Suite in my Short North / Downtown home,Entire home/apt,46,1,420
Peaceful home in the Dublin area,Entire home/apt,160,2,137
 The Coop   Near Easton Town Center Columbus  OH,Entire home/apt,91,1,200
Map Room - Olde Towne/Franklin Park-Historic Home,Private room,49,1,382
3 Bedroom Italian Village/Short North Home.,Entire home/apt,183,2,164
Modern Industrial Loft Space Fully Renovated,Entire home/apt,106,2,104
Unique Spacious German Village Gem,Entire home/apt,400,30,129
East Columbus Suburbs with private bath,Private room,38,1,175
CozySpace-NearDowntown- Charming Neighborhood!,Entire home/apt,170,2,29
Garden Manor Air BnB,Entire home/apt,99,2,121
Charming Marble Cliff Area Townhome,Private room,60,1,8
Single room in 3 bed house (30 day min),Private room,38,30,41
Cozy luxury bedroom w/ private bathroom,Private room,35,30,302
Historic Townhome in Heart of German Village,Entire home/apt,344,2,121
Urban I 3 BR 1 BA+Parking  Monthly Rates Avail!,Entire home/apt,116,1,215
Private bed & bath 10 mins from DT,Private room,46,1,31
Bedroom & Private Bath  Dublin/Hilliard  OH,Private room,33,1,269
Quaint 1920's Townhouse,Entire home/apt,70,2,107
1BR 1-person Clintonville Apt  (5-day min rental),Entire home/apt,60,5,26
Perfect for couples get away or singles traveling,Private room,44,1,91
Eastwood Heights Lounge,Private room,27,5,84
Clintonville Home,Entire home/apt,85,7,460
Private room  2 Twin beds & dedicated bathroom,Private room,35,1,232
Private  Full bed & dedicated bathroom North Cbus,Private room,35,1,260
Eastwood Heights BlueSky Room- Private room,Private room,42,5,29
Welcome! Share my home on Columbus's Westside :),Private room,40,3,63
‚òÖ2 Bed‚òÖ‚ù§Ô∏è of OSU‚òÖMapfre‚òÖLaundry‚òÖLoft‚òÖWalk/Bus‚òÖ,Private room,43,1,399
‚òÖOSU‚òÖMapfre‚òÖLaundry‚òÖBus/walk‚òÖRenovated‚òÖ‚òÖ Laundry‚òÖ,Private room,42,1,220
Eastwood Heights New Horizons Room,Private room,39,5,7
Riverside/OSU Hospitals/Private Deck/Yard /Pets OK,Entire home/apt,84,2,185
Clintonville Charmer Room #1,Private room,30,1,121
Private Room and Bathroom.,Private room,35,2,142
Rustic Townhouse by Mapfre  Osu  Short North & Downtown,Entire home/apt,201,2,159
Short North Carriage House,Entire home/apt,96,1,501
Cozy Short North Studio Close to OSU,Entire home/apt,54,31,147
Private Room 15 min To Airport !!,Private room,45,1,225
Cozy bedroom in heart of the city,Private room,25,3,38
Charming Short North Home with Out-of-Tune Piano,Entire home/apt,95,30,7
#3 OSU Campus Near Iuka Ravine,Private room,89,30,9
‚òÖQueen Bed‚òÖWalk to OSU‚òÖKitchen‚òÖRenovated‚òÖBus‚òÖ,Private room,38,1,234
‚òÖRestored‚òÖLaundry ‚òÖFreeParking‚òÖOSU‚òÖBus/Walk‚òÖ2Bath‚òÖ,Private room,42,1,268
Miss Paula's B&B,Entire home/apt,70,1,351
In the Heart of German Village,Entire home/apt,235,2,17
Sweet Little Room in Devonshire,Private room,33,2,173
Iuka II  4BR 1.5B  Parkng  Monthly Rates Avail!,Entire home/apt,110,1,127
Beautiful spacious suite with gym.,Private room,68,1,76
Spacious 1 Bedroom Apartment Near OSU and Downtown,Entire home/apt,70,1,57
Unique Short North Home 4 BR 2.5 B - RoweRentals,Entire home/apt,215,1,181
Sweet Suite in Historic Woodland Park  downtown,Entire home/apt,145,2,34
Housepitality ~ The Traveler's Bungalow (Flexible),Entire home/apt,104,1,223
4th Street Apartments,Entire home/apt,80,4,52
Private clean  quite room and bath in a safe area.,Private room,41,3,40
Converted Historic Railroad House,Entire home/apt,85,1,137
Wonderful Weekend or Relaxing Extended Stay Space,Private room,50,1,66
Columbus Comfort. Close to all top attractions!!,Entire home/apt,249,2,96
Short North Apartment just steps from ~EVERYTHING!,Entire home/apt,87,6,114
Guest Suite @ OSU & Short North Arts District,Entire home/apt,40,2,379
Sleeping in the City,Entire home/apt,100,1,191
Lovely South Columbus/Casino Minutes Away,Private room,275,1,1
Olde Towne East Historical Home,Entire home/apt,320,30,17
A Zen Art Oasis - Private Guest Room,Private room,85,2,53
3 BR home~Easton~Airport,Entire home/apt,72,1,197
Retro Retreat in the Short North Arts District!,Entire home/apt,125,3,49
Conveniently located 1-bed apartment,Entire home/apt,37,2,90
The Gallery (Short North/OSU/Downtown),Entire home/apt,69,1,260
3rd Floor Suite in Historic Home on Goodale Park,Entire home/apt,125,2,96
Loft Carriage House‚ÄîShort North/Convention Center,Entire home/apt,220,2,72
Urban II 3 BR 1 BA+Parking  Monthly Rates Avail!,Entire home/apt,116,1,210
Comfy home near OSU  Dublin  Worthington,Entire home/apt,90,2,86
Short North 4 Bedroom House,Entire home/apt,364,1,70
Lovely South Palace,Shared room,270,1,0
German Village / Brewery District,Private room,70,30,71
Bustling Brewery District Bungalo!,Entire home/apt,111,1,181
Private queen bedroom 2 - N. Campus,Private room,28,3,12
Cozy Townhome Next to OSU and Short North (B),Entire home/apt,126,2,165
Short North Studio Apt. w/Off-street Parking,Entire home/apt,76,7,370
City Vibe (Short North/Victorian Village),Private room,89,1,157
Grandview Post-War Charmer,Entire home/apt,93,2,153
Modern Ranch  WiFi  Garage  55 TV  Roku  Huge Yard,Entire home/apt,110,2,86
A Taste Of Europe,Entire home/apt,89,2,42
Ramona's Hideaway,Entire home/apt,125,1,142
Goodale Park Carriage House - heart of Short North,Entire home/apt,93,1,254
Standard space near OSU,Private room,85,5,1
Carriage House on Wall Street,Entire home/apt,120,2,101
Triple Private Room at the Hostel,Private room,80,1,14
Family Room at the Hostel,Private room,127,1,10
Clintonville Charmer Room #2,Private room,41,1,60
Entire Olde Town East Condo,Entire home/apt,71,1,135
Short North/Central Italian Village Home,Entire home/apt,375,1,66
German Village area home,Entire home/apt,96,7,10
Duncan Street Haven - Remodeled 2 Bedroom,Entire home/apt,135,1,143
Peaceful Room in Devonshire,Private room,33,3,65
Huge New German Village Getaway  Patio  & Fire Pit,Entire home/apt,148,1,175
Lovely  2 BR  by bike path  2 miles to OSU,Entire home/apt,102,2,102
A Secluded and Tranquil City retreat,Private room,98,1,32
Historic Studio Loft - Primo Location,Entire home/apt,94,2,206
Studio with a View,Entire home/apt,100,1,223
Doc's Retreat: 2BD House  Walk Downtown Nationwide,Entire home/apt,150,30,15
Bedroom with private bath,Private room,55,3,47
Housepitality ~ The Beautiful Bungalow (Flexible),Entire home/apt,107,1,170
Beautiful  spacious home  walking distance to OSU,Entire home/apt,229,2,17
Comforts of Home -Instant book,Private room,49,5,84
Housepitality~The Franklin Park Hideaway(flexible),Entire home/apt,102,1,130
Charming Renovated Duplex  Minutes from Downtown,Entire home/apt,173,1,181
Massive Historic 4BD/3BA House near Short North!,Entire home/apt,207,1,136
Large 3BR Single Family - 1/2 Mile to High St!,Entire home/apt,131,1,90
Cozy Newly built townhouse,Entire home/apt,90,1,47
Enjoy my master guest bedroom,Private room,46,7,2
Enjoy my guest bedroom.,Private room,37,30,3
Near Polaris Shopping Mall and Entertainment!,Entire home/apt,127,2,93
Iuka I  5BR  1.5B  Parkng  Monthly Rates Avail!,Entire home/apt,114,1,105
Berwick Home Bed and Breakfast,Private room,75,3,5
Tranquil Home Away From Home,Entire home/apt,180,1,67
Cozy Private Room with Family room,Private room,47,1,91
Short North/Italian Village Townhome,Entire home/apt,111,1,136
Art at 185 German Village,Entire home/apt,81,1,234
Clintonville Apartment! Close Downtown & OSU!- C,Entire home/apt,65,3,59
Short North 4BR 2 Bath FREE PARKING + WiFi,Entire home/apt,199,2,107
Sophia's Sunny Place,Entire home/apt,151,2,61
Huge Downtown Apartment with Free Parking,Entire home/apt,139,2,101
Convenient 2BR 1/3 Mile from High St. w/ Parking!,Entire home/apt,107,1,87
Urban Brownstone where OSU meets the Short North,Entire home/apt,87,2,63
The High Street Hideaway,Entire home/apt,98,1,298
Cozy Apartment in the Heart of Grandview / OSU,Entire home/apt,95,6,59
Luxury three story apartment in SHORT NORTH,Entire home/apt,264,1,62
Tiny House! Victorian Village- Walk to OSU!,Entire home/apt,67,3,80
Haven on High St: Let's give together!,Entire home/apt,45,2,126
SPACIOUS   QUIET & COMFORTABLE 3BR TOWNHOUSE,Entire home/apt,47,2,172
University District Apartment,Entire home/apt,80,4,39
Newly Renovated Space,Private room,45,30,32
Comfy & Cozy 1 Bedroom,Private room,30,1,139
short north harrison haus,Entire home/apt,393,1,205
Great Amenities @ Shumacher Place & German Village,Entire home/apt,71,1,237
Family friendly  clean  restful stay,Private room,38,14,10
Comfy home minutes from Downtown,Entire home/apt,80,2,48
Feels like home near Easton  airport & downtown,Private room,45,1,139
Empty Nester‚Äôs Haven,Entire home/apt,75,2,18
Wilson Ave Flat Upper,Entire home/apt,58,30,108
Micro Studio Chic,Entire home/apt,100,1,131
Private Room outside of Columbus  OHIO,Private room,80,2,4
Beautiful Suburban Home in Westerville  Ohio,Private room,55,2,11
Private 2nd floor room close to OSU & Short North!,Private room,40,1,23
Weinland Park / Short North Duplex,Entire home/apt,114,1,358
Cozy  Convenient Short North/Italian Village 2BR,Entire home/apt,94,2,171
Housepitality ~ The Treat Yo' Self Retreat!,Entire home/apt,193,1,240
Spacious bedroom,Private room,45,3,39
‚≠êÔ∏èShort North area‚≠êÔ∏è Easy parking. Clean& central.,Entire home/apt,112,1,155
Mission Style Old Town East Charmer near downtown!,Entire home/apt,58,1,71
Custom Home Near Short North  OSU & Downtown,Entire home/apt,551,2,38
The Legacy House - Your Home Away From Home,Entire home/apt,113,3,79
Housepitality ~ The Franklinton Inn,Entire home/apt,100,1,115
Private queen ensuite 3 - N. Campus,Private room,29,3,4
Beautiful renovated ranch in quiet neighborhood.,Entire home/apt,129,2,68
Housepitality ~ The Blue Beechwald Bungalow,Entire home/apt,116,1,138
The Worthington Home,Entire home/apt,135,2,85
Hideaway at 1007,Entire home/apt,100,2,45
‚òÄÔ∏èGuests Love the Bed! Tons of Thoughtful Touches!,Entire home/apt,77,2,192
Priv Room in a Cozy Home at the heart of Columbus,Private room,45,31,14
4 Bedroom Home Downtown Columbus Victorian Village,Entire home/apt,309,1,65
Updated Modern Home - Short North Victorian Vill,Entire home/apt,148,1,136
Colorful Restored Red Brick with Backyard Patio,Entire home/apt,164,2,131
Tiny Blue House! Close to Short North & Downtown!,Entire home/apt,109,4,55
Housepitality ~ The Franklinton Flat Upstairs,Entire home/apt,93,1,61
The Cozy Historic Brick Loft‚ÄîDOWNTOWN/RIVER SOUTH,Entire home/apt,142,360,14
Italian Village Carriage House + Parking,Entire home/apt,120,2,67
Housepitality ~ The Franklinton House (Sleeps 16!),Entire home/apt,212,1,36
Short North One Bed w/Off-street Parking,Entire home/apt,76,7,280
Olde Towne East/Children's Hospital Historic House,Entire home/apt,104,1,138
Newly Renovated Short North Guesthouse,Entire home/apt,79,2,166
NEW UPDATED SHORT NORTH 3B CONDO W/ FREE PARKING!,Entire home/apt,140,1,95
The White Brick Studio @ OSU & Short North,Entire home/apt,52,2,289
Cozy Family Friendly Two Bedroom Condo,Entire home/apt,60,2,44
SOHUD Treetop Townhouse (C),Entire home/apt,45,30,105
Brewery District Homestead,Entire home/apt,182,2,85
Your Home Away From Home,Entire home/apt,110,1,45
Safety Hideaway - Medical Grade Clean Home in the Heart of Short North,Entire home/apt,74,1,345
Hip Storefront Condo in German Village,Entire home/apt,154,2,83
Sanitized  Clean  Safe 4bd/4ba whole house,Entire home/apt,200,2,28
Housepitality~The OSU Friends & Fam House-flexible,Entire home/apt,166,1,167
Artistic Olde Towne East Efficiency Apartment,Entire home/apt,53,1,319
Your Home Away From Home Near the Airport,Entire home/apt,75,1,191
Valleyview Suite,Private room,46,2,111
Oasis in the City (Near Bexley),Entire home/apt,96,2,48
Penn Place,Entire home/apt,291,1,54
Short North Nest,Entire home/apt,120,2,82
Housepitality ~ The Milo-Grogan Inn (Clean House!),Entire home/apt,99,1,107
A home away from home.,Private room,35,1,44
Short North / Weinland Park Duplex,Entire home/apt,114,1,319
2 Bedroom Suite Retreat,Private room,168,1,9
Housepitality ~ The Blue Ribbon Hideaway,Entire home/apt,105,1,120
German Village Weekend Retreat on Schiller Park,Entire home/apt,300,2,18
The Skyline Condo | Arena Convention Center,Entire home/apt,114,2,70
Serene Retreat steps away from Park,Entire home/apt,140,2,44
Flowing King Lincoln Home close to Downtown,Entire home/apt,282,2,100
Gem in German Village Close 2 Downtown w/King Beds,Entire home/apt,86,1,340
Gorgeous Victorian Spacious Home in German Village,Entire home/apt,436,1,33
STAY HERE! Minutes to Downtown - Safe Neighborhood,Entire home/apt,96,1,153
German Village Getaway!,Entire home/apt,80,1,215
Safe  quite and convenient to stay in Columbus,Private room,150,30,0
Blue Silk House  (parking- families- business),Entire home/apt,103,1,91
Modern Condo w/Garage‚ÄîArena District / Downtown,Entire home/apt,128,29,10
‚Äú3 Private Queen Bedrooms‚Äù Columbus Home,Entire home/apt,214,1,77
Short North 2BR - Home Suite Home,Entire home/apt,83,1,87
Bright Italian Village/Short North Urban Oasis!,Entire home/apt,69,2,84
Historic Oak Street Apartment,Entire home/apt,75,2,119
Comfortable private basement in Northern Columbus,Private room,100,1,1
MODERN  COMFY and FULLY RENOVATED BRICK OASIS,Entire home/apt,105,21,33
Eclectic Carriage House in a Vibrant Neighborhood,Entire home/apt,108,1,111
Central Short North Apt. on High St. With Parking,Entire home/apt,98,1,62
The Level Two Studio @ OSU & Short North,Entire home/apt,49,2,202
STYLISH   QUIET  ROOMY TOWNHOUSE,Entire home/apt,51,2,126
Private chill room in a cozi 2-bedroom apartment,Private room,52,1,68
Fireplace Room/OSU/Short North/Free Pkg.,Private room,75,1,18
Newly Renovated 1 Bedroom Near the Airport,Entire home/apt,64,1,216
Quiet Private Room; Short North/OSU; Free Parking,Private room,60,1,27
Private and Cozy Basement/Bedroom Welcoming You!,Private room,45,30,16
Columbus Clean& Cozy Close to Everything sleeps 10,Entire home/apt,150,1,71
Suburban feel...City Thrill!,Private room,58,1,3
Sunny Brownstone Garden Flat Downtown w/Garage,Entire home/apt,109,30,20
Amazing Luxury loft in the best location Downtown!,Entire home/apt,99,2,63
Cozy Brand New 3BR Home 5 Minutes from Downtown,Entire home/apt,97,1,38
The York - Short North Apartment w/ Gated Parking!,Entire home/apt,88,2,76
‚òÖQueen Bed‚òÖRiverside OSU‚òÖLaundry‚òÖCOTA/CABS,Private room,36,1,139
‚òÖQueen Bed‚òÖOSU/Riverside‚òÖBUS/Walk‚òÖUpdated‚òÖUV‚òÖ,Private room,37,1,170
‚òÖMemory Foam‚òÖOSU/Riverside‚òÖWalk/Bus‚òÖUpdated‚òÖ,Private room,33,1,128
‚òÖQueen Bed‚òÖTV‚òÖDesk‚òÖOSU/Riverside‚òÖSofa Bed‚òÖ,Private room,40,1,199
"üéÉ SPECIAL $94
ENTIRE HOME + BREAKFAST
AIRPORT/OSU",Entire home/apt,209,1,179
Spectacular Urban Condo‚ÄîConvention Center/Arena,Entire home/apt,118,2,33
The Blue Ida Loft in Downtown Grandview,Entire home/apt,73,5,32
Hip Historic Loft‚ÄîShort North/Convention Center,Entire home/apt,106,2,54
Clean & Cozy Loft in Columbus  Ohio,Entire home/apt,86,1,160
Gem of German Village,Entire home/apt,80,1,180
Terry's Private Rustic Home/ Airport/City & Easton,Entire home/apt,69,1,175
Judge‚Äôs Mansion Antique Modern Apartment,Entire home/apt,72,1,21
Mike and Allen's Place on the Park.,Private room,140,1,16
Short North-walk to nightlife & Convention Center,Entire home/apt,154,1,157
Bengali House,Private room,79,1,0
Judge‚Äôs Mansion: Project Apartment,Entire home/apt,88,1,23
Na,Entire home/apt,150,1,1
Wonderful home 12-minutes from downtown Columbus!,Entire home/apt,150,4,6
Live local in style with all the comforts of home,Entire home/apt,63,1,49
Modern Townhouse Few Minute Walk To Nightlife,Entire home/apt,156,1,148
Mike and Allen's Place on the Park.- Too,Private room,140,1,59
Huge Updated 4BR Townhouse Minutes From Downtown,Entire home/apt,135,1,146
Private Haus in German Village/Columbus-#WFH ready,Entire home/apt,92,1,154
Ocean View!,Private room,57,1,131
Beach Front Property!,Entire home/apt,150,1,7
Private room & bath: close to downtown & hospitals,Private room,61,2,91
NEW!  Perfect Home Away From Home ,Entire home/apt,74,1,62
Welcome! | Shared Home | Private room | Cute Dogs,Private room,31,3,36
Mod Basement  ShortNorth 3Bed  Parkng-RoweRentals,Entire home/apt,143,1,95
Downtown Columbus - Massive Townhouse - Bluestone,Entire home/apt,182,1,107
‚òÖKing MemoryFoam‚òÖLaundry‚òÖFreeParking‚òÖOSU‚òÖBus/Walk‚òÖ,Private room,40,1,167
Luxurious Parisian Flat w/Roof Deck - Short North,Entire home/apt,106,30,5
Chic Urban Living near OSU and the Short North (D),Entire home/apt,126,2,77
Sparkling clean close to downtown,Entire home/apt,80,2,48
A Quiet Space,Private room,45,1,43
Judge‚Äôs Mansion: Mid-Century Modern Suite,Entire home/apt,61,1,23
Judge's Mansion: Blue Suite,Entire home/apt,75,1,18
Judge's Mansion: Exotic Hideaway,Entire home/apt,66,1,41
-Judge's Mansion Studio-,Entire home/apt,67,1,20
Judge's Mansion: Vintage Retreat,Entire home/apt,70,1,18
4 Blocks From OSU  Short North & Close 2 Downtown!,Private room,36,30,37
The Short North Retreat - Private Parking!!!,Entire home/apt,89,1,154
The Clintonville Red House,Entire home/apt,142,1,97
Private Townhouse in SOHUD (B),Entire home/apt,40,30,22
Olde Town Brick Beauty,Entire home/apt,96,1,118
Tree Tops,Entire home/apt,389,2,1
Gray Room - Olde Towne/Franklin Park-Historic Home,Private room,49,1,82
Updated suite in safe and quiet neighborhood,Entire home/apt,59,1,188
Comfy place near downtown.,Entire home/apt,80,2,30
Wincott Place - A Clintonville Gem,Entire home/apt,120,1,72
Refurbished Duplex Apartment in Historic Italian Village,Entire home/apt,129,2,131
Dempsey‚Äôs Jury Room Guest Suite  Downtown Columbus,Entire home/apt,195,1,46
Spacious 1BR - Great Location @ Grandview & OSU!,Entire home/apt,52,2,142
White Cottage,Entire home/apt,300,30,96
The Harrison West Carriage House,Entire home/apt,111,1,112
Housepitality~ The Lovely Italian Villa (Flexible),Entire home/apt,93,1,108
Remodeled 1-Bdrm Apartment w/off-Street Parking,Entire home/apt,42,2,140
Cozy Short North Brick Condo - 1 block off High St,Entire home/apt,128,2,33
Housepitality ~ The Columbus Game House (Flexible),Entire home/apt,114,1,88
Housepitality ~ Italian Village Villas (2 Houses!),Entire home/apt,159,1,10
Cozy place nestled in the heart of short north,Private room,99,2,10
Newly Remodeled   3 Min. to OSU  2 King Beds,Entire home/apt,202,1,61
Scarlet & Grey off I-71,Private room,32,1,45
The Architect and Baker House,Entire home/apt,99,29,10
‚óèCONTEMPORARY HOME‚óè Close to OSU/MAPFRE/Downtown .,Entire home/apt,686,15,46
Cozy Clintonville Apartment- Unit H,Entire home/apt,55,3,33
Classy home away from home (Apt. E),Entire home/apt,146,2,69
Cozy Private Bedroom & Bathroom Suite near Easton,Private room,39,30,19
Columbus home in the heart of it all.,Private room,100,1,37
Quiet Remodel Home  Grove City  Close to Columbus,Entire home/apt,114,7,113
Huge German Village 3BD/2BA Close to Everything!,Entire home/apt,176,1,100
Judge‚Äôs Mansion Entire Home: @judgesmansion,Entire home/apt,1279,1,0
Vintage Townhome w/Two Private Suites,Entire home/apt,230,2,74
Historic Patio Loft ‚ÄîShort North/Convention Center,Entire home/apt,106,2,45
Home away from Home,Entire home/apt,100,3,0
Fantastic Hidden Gem In Quiet Neighborhood,Entire home/apt,81,1,149
Newly Renovated 2 bedroom Near The Airport,Entire home/apt,71,1,104
Spacious 3br Perfect for OSU & Exploring Columbus!,Entire home/apt,148,2,33
*~Charming Home +Central Location~* 4 Bedrooms/2ba,Entire home/apt,130,1,37
Judge‚Äôs Mansion: The Judge‚Äôs Study,Entire home/apt,86,1,21
Duncan Street Retreat - Remodeled 2 Bedroom,Entire home/apt,96,1,50
1BR Condo w/ Best Location in City~Short North,Entire home/apt,89,1,93
The Short North Carriage House-Private Parking!!!,Entire home/apt,111,1,110
2BR German Village Brick Condo Steps from Downtown,Entire home/apt,113,1,54
Bexley Mid Mod Masterpiece near Downtown & Airport,Entire home/apt,224,3,31
Renovated Old Oaks Home Near Downtown & Nationwide,Entire home/apt,99,2,15
Cozy Single Room Near Downtown Nationwide & OSU,Private room,28,2,38
Standard Room - Full Service B&B,Private room,125,1,0
Charming Clintonville Cottage,Entire home/apt,71,1,42
Cozy & Comfy 1 Bedroom,Private room,32,1,122
Housepitality ~ The Franklinton Guest House,Entire home/apt,107,1,118
3 Bdrm Brick Bungalow Mins From Downtown -Airport-,Entire home/apt,90,1,54
Completely Updated Huge 4BR/2BA Townhouse,Entire home/apt,158,1,50
Luxury German Village 1BD Condo Steps to Downtown,Entire home/apt,83,1,64
L12-Mint at LX Loft ‚ö° Private Keypad Room,Private room,32,1,204
L14-Burgundy at LX Loft ‚ö° Private Keypad Room,Private room,31,1,156
L13-Sapphire at LX Loft ‚ö° Private Keypad Room,Private room,21,1,187
L11-Plum at LX Loft ‚ö° Private Keypad Room,Private room,29,1,190
German Village/Schumacher Place Old Historic Stay,Entire home/apt,69,1,245
Big Blue  Short North 5BD 4.5BA Home - RoweRentals,Entire home/apt,278,1,32
1BD/1BA German Village Condo Steps to Downtown!,Entire home/apt,76,1,50
Big Green  Short North 4BD 3BA Home - RoweRentals,Entire home/apt,358,1,68
Housepitality ~ The Bryden Park Townhouse,Entire home/apt,98,1,84
THE BIG DIPPER,Private room,26,1,74
The North Star - 25% OFF 30+ Nights,Private room,30,1,48
LUXURY MANSION  Close to DOWNTOWN  OSU  MAPFRE...,Entire home/apt,916,2,33
Large Bedroom Near Downtown Nationwide OSU,Private room,34,1,18
A Lovely Room in Devonshire,Private room,33,3,38
Livingston Hideaway,Entire home/apt,72,1,119
The Little Dipper - Near Airport,Private room,30,1,76
(838 OAK St) Modern Old Town East Apartment,Entire home/apt,125,2,41
A different Place to isolate yourself. Clean&Cozy,Entire home/apt,68,1,181
THE MILKY WAY,Private room,69,1,6
Comfy Queen bed and full bed - four guests,Private room,25,3,5
Comfy queen bed,Private room,25,2,9
Comfortable Room Near Downtown Nationwide & OSU,Private room,31,1,28
Skyline Mid-Mod Loft‚ÄîDowntown / Convention Center,Entire home/apt,126,2,35
XL Modern 2BR Condo‚ÄîDowntown / Convention Center,Entire home/apt,149,29,26
LUXURY BRAND NEW 3BR/3BA TOWNHOME W/ROOFTOP PATIO!,Entire home/apt,285,2,85
Beautiful home in the heart of Italian Village,Entire home/apt,160,2,1
King room close to OSU/Riverside (30 day min),Private room,35,30,8
"‚ÄúExclusive 3 Bedroom‚Äù
Historical Columbus Home",Entire home/apt,229,2,106
LUXURY 3BR/3BA TOWNHOME W/ GAME ROOM!,Entire home/apt,271,2,49
Columbus Neil Home,Entire home/apt,135,2,45
German Village Home,Entire home/apt,144,2,56
Daisy-Darla,Private room,40,30,0
recently renovated 2 story close to everything-A,Entire home/apt,101,1,46
Big Beds Bungalow in German VillageClose 2Downtown,Entire home/apt,81,1,194
recently renovated 2 story.close to everything-B,Entire home/apt,117,1,52
Artsy Suite  Convention Ctr  ShortNorth  w parking,Private room,89,1,53
Eastons Hidden Gem,Entire home/apt,111,1,69
Housepitality ~ Franklinton Farmhouse (Sleeps 16!),Entire home/apt,188,1,88
~*Relaxing Retreat*~ 6 Bedrooms/2ba,Entire home/apt,213,1,20
Starling Apartment. COSI 9mi Easton 6mi Dwntwn 4mi,Entire home/apt,62,2,61
Perfectly Located 2BD Condo Near High St/Downtown!,Entire home/apt,111,1,44
Newly renovated  spacious home in Central Columbus,Entire home/apt,215,2,52
Cute Ranch- Close to Downtown!,Entire home/apt,88,4,42
Housepitality ~ The Columbus Adventure Pad,Entire home/apt,79,1,61
Cozy comfort 2 BR +loft  Children's Hosp& Downtown,Entire home/apt,99,2,76
Modern German Village Private Home  Schiller Park,Entire home/apt,87,1,213
Guest Room in Historic German Village House,Private room,65,2,7
Grab a Slice of History at a Characterful Industrial Studio,Entire home/apt,111,1,97
Industrial Chic Apartment in Re-Purposed Factory,Entire home/apt,132,1,98
The Gatsby Flat‚ÄîDowntown Columbus/Convention Ctr,Entire home/apt,136,2,24
Clintonville Cape Cod in ravine,Private room,100,2,14
Craft's Corner,Private room,40,30,2
Housepitality ~ The Maynard Manor,Entire home/apt,152,1,70
Short North 1 Bed Apartmentüö∂‚Äç‚ôÇÔ∏èWALK EVERYWHERE!,Shared room,52,1,128
Long Street entire house,Entire home/apt,75,1,53
Cozy Green Room in Cape Cod with Front Porch,Private room,50,2,20
The Beautiful Garden Villa  a Five-Star Hidden Gem,Entire home/apt,174,1,171
Fast Wifi | Work from Home | Great for Walks,Entire home/apt,85,2,62
Massive 4BR Home- Heart of the Short North,Entire home/apt,272,2,42
Stunning Short North Hangout- Steps from High,Entire home/apt,168,2,43
‚ú≠4BD Beauty! | Near Children's Hospital/Downtown ‚ú≠,Entire home/apt,108,1,54
CUTE RANCH - BEDROOM 1,Private room,27,7,14
CUTE RANCH - BEDROOM 2,Private room,27,7,17
CUTE RANCH - BEDROOM 3,Private room,27,7,15
Nice home near downtown Columbus,Entire home/apt,148,2,18
Buckeye Room,Private room,38,1,39
Remodeled Home directly across from Fairgrounds,Entire home/apt,101,2,29
Spacious Duplex Home  Minutes from Downtown,Entire home/apt,81,2,121
Technology Meets Design in this Stunning SmartHome,Entire home/apt,143,2,71
Guest's neighborhood,Private room,29,1,1
Classic & Elegant Old Town Apartment,Entire home/apt,63,1,87
Short North Studio in Heart of City - Off High St!,Entire home/apt,49,1,110
Beautifully Updated Short North Private Townhome,Entire home/apt,177,2,181
Massive Updated 6BR Near Everything Sleeps 20!,Entire home/apt,209,1,65
üíéThe Big Blue House‚òÖ3 Large bedrooms‚úîBackyard,Entire home/apt,57,1,90
The Little Yellow House,Entire home/apt,125,2,44
The Historic Central Condo - Arena  Short North  Convention,Entire home/apt,84,1,191
Large Private Bedroom in Merion Village,Private room,35,30,3
German Village's Cutest Cozy Home,Entire home/apt,78,1,184
3 Bd Home in Historical German/Merion Village.,Entire home/apt,173,1,104
Clintonville:  Next to OSU  Short North  Downtown,Entire home/apt,88,2,91
L24-Lilac at LX Loft üóù Private Keypad Room,Private room,41,1,124
L23-Olive at LX Loft üóù Private Keypad Room,Private room,37,1,129
L25-Scarlet at LX Loft üóù Private Keypad Room,Private room,32,1,28
Columbus Camper-  Expo center/ Downtown,Entire home/apt,91,1,3
The Historic Central Condo - Arena  Short North  Convention,Entire home/apt,77,1,181
Jewel in Central Downtown | Walk to Scioto Mile,Entire home/apt,83,1,100
The Rock House,Entire home/apt,99,2,41
love story cabine,Entire home/apt,85,1,54
Comer house,Private room,85,1,9
Downtown Views + Parking @ 1br Across The Commons,Entire home/apt,83,1,169
Quiet culdesac unit north of campus,Entire home/apt,150,2,3
Center of Everything | 1br w/ Balcony + Parking,Entire home/apt,83,1,114
Sunrise View + Indoor Parking @ Downtown 1br Loft,Entire home/apt,83,1,139
Victorian Downtown home in Olde Towne East,Entire home/apt,157,2,34
L21-Indigo at LX Loft üóù Private Keypad Room,Private room,37,1,128
Gorgeous & cozy 2 BR loft apartment Downtown!,Entire home/apt,100,2,49
Chic Downtown Loft | Walk to Scioto Mile + Commons,Entire home/apt,83,1,118
Open Loft w/ Balcony | Near Scioto River + Dining,Entire home/apt,83,1,119
RiverSouth Loft Near Bicentennial Park w/ Balcony,Entire home/apt,80,1,114
Central Apt w/ Gym + Balcony | Near Capitol Square,Entire home/apt,80,1,139
City Fun @ Loft In Heart of Downtown | Near River,Entire home/apt,83,1,74
‚òÖKing‚Äôs Landing Duplex close to OSU/Short North ‚òÖ,Entire home/apt,97,1,60
Housepitality ~ The Traveler's Townhouse,Entire home/apt,73,1,39
Short North Gem - Spacious 2BR Home,Entire home/apt,198,2,32
Fast Wifi | Perfect for Remote Working | Sanitized,Entire home/apt,77,2,95
Perfect Location Steps from High St w/ Parking!,Entire home/apt,102,1,36
Quaint gem in the heart of a vibrant hip community,Private room,40,1,18
Beautiful + Central Loft w/ Lots of Natural Light,Entire home/apt,88,1,199
Bright + Open Loft Near The River & Commons,Entire home/apt,88,1,120
Huge 4 BR 1.5  BA house in Heart of Downtown,Entire home/apt,174,1,73
Entertainment + Shopping @ Central Downtown Flat,Entire home/apt,83,1,150
Beautiful Historic Home in German Village Area,Entire home/apt,120,2,8
Tulsa #2,Private room,54,30,1
Huge New 4BR/2.5BA home w/ big back yard and deck,Entire home/apt,124,2,83
3 BDRM campus duplex near short north sleeps 10+,Entire home/apt,120,2,17
Lovely Lower Level within our home,Entire home/apt,70,1,58
Regan's Place: (Very Near Downtown),Private room,35,1,57
Big Grey  Short North 4BR  3.5B Home -RoweRentals,Entire home/apt,252,1,5
1st Floor Southern Orchard  Apartment!!!,Entire home/apt,87,1,58
Ruby in the Village | The gem of downtown CBUS üíé,Entire home/apt,119,1,70
‚òÖ Minutes to Columbus Airport‚òÖ Free Parking,Private room,39,3,63
‚òÖNewly renovated private room‚òÖ Close to Airport,Private room,36,1,49
‚ù§Ô∏èModern Private  Room near Columbus Airport‚ù§Ô∏èWifi,Private room,41,5,73
‚ô• Stylish Private Room ‚ô• Close to Columbus Airport,Private room,38,2,65
Glen Echo Hideaway-Newly Renovated Studio Apt,Entire home/apt,85,1,25
Housepitality ~ The Friendship House (Flexible),Entire home/apt,106,1,69
Bold + Artistic | Downtown Views @ 1br w/ Balcony,Entire home/apt,83,1,64
Artsy 2br w/ Balcony + Views | Walk to River,Entire home/apt,91,1,85
CAT CONDO  // 4k tv | minifridge | patio | wifi //,Private room,42,1,45
Large Condo ‚ù§ of Downtown (30 Day Min Stay),Entire home/apt,110,45,3
Hip Italian Village Townhome w/Parking,Entire home/apt,121,2,43
Safe | Sanitary | Work Remotely Here,Entire home/apt,94,2,67
Eli‚Äôs College place,Private room,100,30,6
Renovated 2story OSU/Central ‚ù§Near EVERYTHING!,Entire home/apt,74,1,100
Arts + Community 1br Suite | Minutes to Downtown,Entire home/apt,82,1,90
Short North Studio by Goodale Park in Best Area!,Entire home/apt,47,1,93
Jean Marie Joi's Touch of Love and Peace,Entire home/apt,71,2,35
Rare Downtown Apartment with Free Parking,Entire home/apt,79,1,22
2nd Floor Southern Orchard Apartment!!!,Entire home/apt,91,1,55
Spacious Bedroom with Queen Bed & Private Bathroom,Private room,50,1,2
The Easton Hideaway,Entire home/apt,131,1,46
The Brick Townhouse | Walk to OSU & Arts District,Entire home/apt,64,2,59
The City Townhouse @ Short North Arts District,Entire home/apt,61,2,66
Spacious Home Away From Home,Entire home/apt,250,2,29
Gorgeous High Street 1BD Heart of Short North!,Entire home/apt,93,1,31
Your  Home Away From Home  in Olde Towne East,Entire home/apt,99,2,24
View of The Commons @ 1br w/ Parking + Balcony,Entire home/apt,88,1,118
Live on High Street~Short North w/parking,Entire home/apt,89,1,54
Cosy Home in the Heart of Short North,Entire home/apt,84,2,91
S.A.G.A (Scarlet & Grey Attaway),Entire home/apt,70,4,21
BRAND NEW LUXE 4BR W/ OUTDOOR LIVING!,Entire home/apt,243,2,44
I love helping people not banging money,Shared room,35,30,0
Luxurious German Village home with rooftop deck!,Entire home/apt,252,2,45
Crestview,Entire home/apt,135,2,18
Hanford,Entire home/apt,168,1,26
Downtown Skyline Flat | Arena + Convention Center,Entire home/apt,136,2,26
Comfy Short North Studio Walk to Convention Center,Entire home/apt,48,1,78
Rooster's Den - new build walkout basement suite,Entire home/apt,92,1,68
Extra Clean Comfortable Close OSU Dwtn Hospital,Entire home/apt,82,1,14
‚òÖEaston Waterfront: Boat  Fish  Theatre  Barcade‚òÖ,Entire home/apt,258,1,95
LuxeLoft on High St. Short North ‚≠êÔ∏èFree Parking‚≠êÔ∏è,Entire home/apt,157,1,82
Work Remote | 1st Fl. Access | Off-Street Parking,Entire home/apt,87,2,85
Two Bedroom Newly Renovated Modern Apartment,Entire home/apt,61,2,13
Modern Urban Walk-Up 1.5 Miles from Downtown,Entire home/apt,78,1,143
The Bronze Age Skyline Loft‚ÄîDOWNTOWN COLUMBUS,Entire home/apt,136,2,18
Pet friendly 1 bedroom Northview E Near Airport,Entire home/apt,59,2,36
Anna Paradise listing #1,Private room,37,3,32
Low-Key  Quiet Neighborhood  Lots of Space!,Entire home/apt,114,30,32
Luxury Home @ Easton Town Center~2BR/2BA.,Entire home/apt,168,2,16
Cozy Columbus Nest,Entire home/apt,80,2,5
Perfect Fit 2 BR Apt - Minutes from Downtown!,Entire home/apt,114,1,96
Downtown Loft Oasis,Entire home/apt,95,1,46
Fresh 2 bedroom house near German Village!,Entire home/apt,111,1,49
Clean and Cozy 2 BR German Village w/ Amenities!,Entire home/apt,101,1,122
Cozy  Studio w/ Amenities (Minutes from Downtown)!,Entire home/apt,83,1,78
Extravagant 1 BR Apartment German Village!,Entire home/apt,109,1,56
Long Term Studio Stay - German Village / Downtown!,Entire home/apt,108,1,68
1BD Olde Town East Guesthouse Near Downtown,Entire home/apt,59,1,62
The Majestic Mohawk | German Village | Parking!,Entire home/apt,139,2,42
The Historic Central Condo - Arena  Short North  Convention,Entire home/apt,81,1,147
Housepitality ~ The 614 House (5mins To Downtown!),Entire home/apt,93,1,32
The Historic Central Condo - Arena  Short North  Convention,Entire home/apt,77,1,116
Anna Paradise listing #2,Private room,27,3,47
Anna Paradise listing #3,Private room,26,2,51
Anna Paradise #4,Private room,34,1,27
Wonderbread Factory Loft- Short North_Free Parking,Entire home/apt,107,2,94
Wonderbread Loft - Short North - Free Parking!,Entire home/apt,133,2,107
Short North Industrial  Loft - Free Parking!,Entire home/apt,106,2,100
The Kind of Blue Penthouse‚ÄîDOWNTOWN/CONVENTION CTR,Entire home/apt,352,3,13
Housepitality ~ The Cardinal's Nest (Near Airport),Entire home/apt,83,1,28
‚ñ†Modern Home‚ñ† Near MAPFRE/ OSU/DOWNTOWN  etc,Entire home/apt,370,2,1
Housepitality ~ The Yellow-Door (Flexible),Entire home/apt,85,1,23
Italian Village Flat - Short North - Free Parking,Entire home/apt,82,1,67
Modern Flat - Short North - Free Parking,Entire home/apt,82,1,48
Newly Renovated(D) OSU/Central ‚ù§Near EVERYTHING!,Entire home/apt,74,1,86
Stay w/ Millennials-Contemporary 1B1b No Hiddenfee,Private room,60,1,47
The Short North Pad - Seconds from High St,Entire home/apt,168,2,13
Glenmont Inn-Whole House! Outdoor oasis-Pool Fire,Entire home/apt,1131,2,20
German Village Point,Entire home/apt,76,1,74
3 Bedroom Remodeled Home across from Fairgrounds,Entire home/apt,122,2,19
The Scarlet & Gray Skyline Loft-DOWNTOWN/CONV CTR,Entire home/apt,136,2,17
Beautiful Spaces w/ King Sized Beds & Free Wifi,Private room,30,1,27
Housepitality- Breath of Fresh Air  House-Flexible,Entire home/apt,110,1,47
Newly remodeled spacious 2.5  BR - Short North!,Entire home/apt,140,1,143
Luxury Stay Near OSU/Downtown! Suite 203,Entire home/apt,150,5,5
Charming Short North Flat ‚úØ King Bed  & Parking ‚úØ,Entire home/apt,60,1,88
Historic North Market Loft‚ÄîCONVENTION CENTER/ARENA,Entire home/apt,146,2,18
Cozy Studio ‚≠ê Parking Spot near Campus  High St,Entire home/apt,50,1,57
Perfect For Groups & Families-5 Bedroom Cozy Home,Entire home/apt,345,2,12
Beautiful & Large 5 Bed/2 Bath-Great For Families,Entire home/apt,345,2,12
Charming Studio ‚ô• Walk To Ohio State and High St!,Entire home/apt,49,1,42
Comfy Studio Walk to OSU w Free Parking  TV & Desk,Entire home/apt,49,1,63
Relaxing Studio Walk To Ohio State and Short North,Entire home/apt,48,1,67
Cute Studio Walk To Ohio State and Short North,Entire home/apt,49,1,62
The Picasso Penthouse‚ÄîDOWNTOWN/CONVENTION CENTER,Entire home/apt,126,2,5
Newly Renovated(A) OSU/Central ‚ù§Near EVERYTHING!,Entire home/apt,72,1,57
Pristine Clean and Sanitized Business Paradise,Entire home/apt,110,3,24
Cozy  clean  and quiet; easy access to everything!,Entire home/apt,90,1,7
Modern & Large ‚ù§Ô∏è 10 Bed / 4 Bath | Host 26 Guests,Entire home/apt,966,2,0
The Bicycle Penthouse‚ÄîDOWNTOWN/CONVENTION CENTER,Entire home/apt,206,2,5
Sleek Top-Floor 2BR Penthouse‚ÄîDOWNTOWN/CONV CENTER,Entire home/apt,182,2,8
ARENA ROOM ‚òÖ Modern & Comfy - with free PARKING ‚òÖ,Private room,30,1,58
2BR Cozy Bungalow near DOWNTOWN/Short North,Entire home/apt,75,1,58
Quaint gem 2 bed heart of a vibrant hip community,Private room,95,1,5
‚òÖ Bright & Relaxing - Cleaned & Sanitized ‚ù§Ô∏è,Private room,27,1,41
‚òÖ Large  Modern & Bright ‚ù§Ô∏è CLEANED & SANITIZED!,Private room,30,1,66
‚òÖ Cozy & Comfortable Private Room ‚ù§Ô∏è Stay Here!,Private room,27,1,70
EDGEWOOD ROOM ‚òÖ 2 Beds ‚òÖ Comfortable Private Room,Private room,30,1,34
C'ville Cottage | Back Yard | Dog Friendly | OSU,Entire home/apt,118,2,38
AMHERST ROOM ‚òÖ Modern & Spacious with PARKING,Private room,30,1,69
‚òÖBright  Modern & Stylish-Great Value-Ultra Clean!,Private room,28,1,54
CELINA ROOM ‚òÖSpacious  Bright & Private Room ‚ù§Ô∏è,Private room,30,1,70
‚òÖComfortable & Cozy Room ‚ù§Ô∏è Professionally Cleaned,Private room,30,1,48
EATON ROOM ‚òÖ 2 Beds  Great For 2 People ‚òÖ Comfy,Private room,28,1,44
Spacious Carriage House - Historic Olde Towne East,Entire home/apt,169,1,25
Short North Carriage House Salt Water Pool Hot Tub,Entire home/apt,242,2,40
Housepitality ~ Franklinton Manor (Flexible),Entire home/apt,111,1,41
Bestsleep,Private room,18,30,2
Southeast Columbus by Smith's Farm Market,Private room,50,30,0
Clean & Quiet 4BR Home with King Suite & Hot Tub!,Entire home/apt,550,1,2
Beautiful Bsmt Bdr w/ King Sized Beds & Free Wifi,Private room,31,1,15
Short North Home/Off Street Parking/ Washer Dryer,Entire home/apt,89,2,56
Work or Play this is the place to stay!!,Entire home/apt,55,1,126
The Big Brick Loft‚ÄîDOWNTOWN/BREWERY DISTRICT/RIVER,Entire home/apt,142,30,1
‚ñ°MODERN HOME II‚ñ° Near MAPFRE/ OSU/DOWNTOWN,Entire home/apt,367,2,1
‚óôLOVELY SPACE‚óô  OSU  Near DOWNTOWN  Mapfre  etc,Entire home/apt,326,2,2
‚óäFANTASTIC SPACE‚óä Close to OSU  Downtown etc,Entire home/apt,524,2,9
ENTIRE DUPLEX! OSU  Near Downtown/MAPFRE/etc,Entire home/apt,1054,2,4
‚òÖ Dreamy Historic Loft - 2BR In German Village! ‚òÖ,Entire home/apt,109,2,46
Beautiful and Newly renovated 3BR - NEAR DOWNTOWN,Entire home/apt,215,2,20
The SoHo Patio Loft‚ÄîCONVENTION CENTER/SHORT NORTH,Entire home/apt,115,2,15
Freshly Updated 4 bed home w/ back yard and deck,Entire home/apt,122,2,60
Art House Retreat,Entire home/apt,188,2,16
Downtown Modern Home with Large Elegant Patio,Entire home/apt,140,2,128
Cute Cozy  and Spacious Basement Living Area,Entire home/apt,54,30,4
Spectacular Short North 4-Bedroom House,Entire home/apt,265,2,22
***CHARMING RENOVATED EXPOSED BRICK 2/2.5 UNIT***,Entire home/apt,83,2,22
A Quaint and Quiet Retreat...,Private room,28,14,2
Enchanting  and Charming,Private room,25,7,5
Entire Olde Town East Home Near Downtown,Entire home/apt,379,2,43
*Luxurious 3BR Near Capital Uni. Downtown OTE*,Entire home/apt,157,1,22
Modern Chic Home-Away-From-Home!,Entire home/apt,182,2,20
Modern & Comfortable Home Near Downtown Columbus,Entire home/apt,164,2,15
Modern 1bd King sized bed business getaway-Polaris,Entire home/apt,109,3,57
Perfect High Street Location Updated 3BR/2B Condo,Entire home/apt,122,1,47
INDEPENDENT 4 Bdr Home Nr Downtown NO CLEANING FEE,Entire home/apt,170,1,60
CorbettHouse Skyview Loft-NeilAve VictorianVillage,Entire home/apt,220,2,16
CorbettHouse BusinessSuite NeilAveVictorianVillage,Private room,110,2,7
Clean Private New Memory Foam Bed Desk OSU MAPFRE,Private room,41,1,83
Clean Private New Memory Foam 2Bed Desk OSU MAPFRE,Private room,41,1,48
Brand New 4BR/2.5BA Just Steps to Short North!,Entire home/apt,244,2,34
German Village Luxury  Charm and Relaxation,Entire home/apt,112,1,86
Steps to Franklin Park - Minutes to downtown,Entire home/apt,96,1,50
NEW!Private Haus -Heart of German Villg/#WFH ready,Entire home/apt,123,1,4
Cozy  comfortable stay @ the Hamilton House!,Private room,42,1,33
üèôJourneyBNB - Modern Townhouse 5 Min to Downtownüèô,Entire home/apt,96,1,40
Newly Renovated (E) OSU/Central ‚ù§Near EVERYTHING,Entire home/apt,71,1,47
Short North Bungalow,Entire home/apt,175,1,6
Yellow Bird Suite - near airport and downtown,Entire home/apt,57,1,32
Clean Private New Memory Foam Bed Desk OSU MAPFRE,Private room,41,1,30
***RENOVATED MODERN 2/2 CLOSE TO CITY CENTER***,Entire home/apt,92,2,19
Pink Print Studio in the Heart of Downtown!,Entire home/apt,79,3,28
This Old Home -Spacious  Private & Comfy,Entire home/apt,65,2,8
Worthington 2 bedroom Townhome!,Entire home/apt,121,1,30
Spacious  comfy 2bd/1.5ba  secure Kossuth St condo,Entire home/apt,120,1,2
Gorgeous 4brm/3bath home in Old North,Entire home/apt,223,1,14
Charming Loft in Historic German Village,Entire home/apt,85,1,49
Charming & Cozy Village House,Entire home/apt,81,2,10
Downtown Spacious Modern Home  Steps from High St.,Entire home/apt,90,1,44
Crystal's Cozy City Home/Airport/Entire Place,Entire home/apt,69,1,75
This is the Townhome You've Been Looking for!,Entire home/apt,50,30,1
The Short North Retreat II - Free Private Parking,Entire home/apt,118,1,40
Game of D.A.M.E.S,Entire home/apt,70,2,11
Clean Private New Memory Foam Bed Desk OSU MAPFRE,Private room,41,1,48
A Farmhouse in the City,Entire home/apt,89,1,49
Cozy Italian Village House/ 3 free parking spaces,Entire home/apt,221,2,2
üåÜJourneyBNB - Sleek Townhouse Near German Villageüåá,Entire home/apt,86,1,22
Columbus Corner Castle,Entire home/apt,628,1,17
Newly Renovated (6A) OSU/Central ‚ù§NearEVERYTHING,Entire home/apt,79,1,38
The Love & Laugh Rehab-Pvt Queen Bed & Pvt Bath,Private room,28,2,20
Housepitality ~ The Sail Away Townhouse (Flexible),Entire home/apt,75,1,20
COMPLETELY UPDATED 4 bed/2 bath home w/ deck+yard,Entire home/apt,128,2,51
Gorgeous Open Floor Plan - Heart of German Village,Entire home/apt,165,3,22
German Village Gem - Amazing Location,Entire home/apt,172,3,15
Housepitality ~ Lincoln Lodge II (Near Downtown!),Entire home/apt,121,1,6
Close to OSU  Ohio stadium  and downtown Columbus.,Shared room,40,1,0
Housepitality ~ Lincoln Lodge I (Near Downtown!),Entire home/apt,114,3,15
Housepitality ~ Lincoln Lodge Combo (8 Bedrooms!),Entire home/apt,245,1,1
C'Ville Bungalow | Back Yard | Dog Friendly | OSU,Entire home/apt,100,2,7
‚ñ°CHELSEA Room‚ñ° Close to  MAPFRE/ OSU/DOWNTOWN,Private room,39,2,0
Close to OSU - Clintonville Homestay,Private room,23,30,2
Housepitality ~ The Lilley Pad (Near Downtown!),Entire home/apt,98,1,33
Sweet Home in QUIET area near Airport  CU & DWTN,Entire home/apt,127,3,19
Short North Luxury  sanitized stays,Entire home/apt,80,2,57
‚óäASHLEY ROOM‚óä Spacious  1st Floor room  South OSU,Private room,51,2,15
‚óäAva Room‚óä Large  OSU Medical  DOWNTOWN  Mapfre.,Private room,47,2,9
‚óäARIA Room‚óä Bright South of OSU  Downtown  MAPFRE,Private room,47,2,10
‚óäAVERY Room‚óä OSU Medical  DOWNTOWN  Short North,Private room,58,2,10
‚ñ†BETTY Room‚ñ† Near MAPFRE/NORTH OSU/DOWNTOWN/etc,Private room,32,2,2
‚óäAMELIA Room‚óä South OSU  Near Downtown  MAPFRE etc,Private room,48,2,9
‚óäANNA Room‚óä South OSU  Downtown  Short North  etc.,Private room,47,2,15
‚ñ°CAROLINE Room‚ñ° Near MAPFRE/OSU/DOWNTOWN,Private room,32,2,5
‚ñ°CINDY Room‚ñ° Near MAPFRE/NORTH OSU/DOWNTOWN,Private room,34,2,1
‚ñ°CRYSTAL Room‚ñ° Near MAPFRE/NORTH OSU/DOWNTOWN,Private room,46,2,5
‚óôDIANA Room‚óô North OSU  Near DOWNTOWN COLUMBUS,Private room,38,2,1
‚óôDOROTH Room‚óô North OSU  Near DOWNTOWN COLUMBUS,Private room,36,2,1
‚óôDAISY Room‚óô North OSU  Near DOWNTOWN COLUMBUS,Private room,32,2,1
‚óôDELLA Room‚óô North OSU  Near DOWNTOWN COLUMBUS,Private room,36,2,7
Quaint Townhouse in Merion Village #2,Entire home/apt,65,2,8
Housepitality ~ The Orange-Door (Flexible),Entire home/apt,101,1,13
‚ñ†BELLA Room‚ñ† Near MAPFRE/NORTH OSU/DOWNTOWN,Private room,32,2,11
‚ñ†BRITNEY Room‚ñ† Near MAPFRE/NORTH OSU/DOWNTOWN,Private room,38,2,5
‚ñ†BRIANNA Room‚ñ† Near MAPFRE/NORTH OSU/DOWNTOWN,Private room,38,2,7
Housepitality ~ The Green Leaf House (Flexible),Entire home/apt,93,1,20
Completely Updated 6BR Near Short North/Downtown!,Entire home/apt,210,1,29
Spacious home a few blocks from German Village,Entire home/apt,70,1,46
A Secluded and Tranquil City Retreat,Private room,98,1,0
The Centurion Newbie,Entire home/apt,46,2,26
The Blue Velvet Skyline Flat‚ÄîDOWNTOWN COLUMBUS,Entire home/apt,136,2,4
Luxurious  Large 2BR in Prime German Village!,Entire home/apt,151,3,10
Short North Townhome,Entire home/apt,67,1,30
2 Bedroom Suite Retreat,Private room,168,1,0
Bedroom with a view,Private room,73,1,2
Upstairs Master Bedroom W/ King Size Memory bed,Private room,35,1,5
OSU-Clintonville Basement Apt 3 Rooms+Kitchen+Bath,Entire home/apt,87,1,9
Renovated 2story(7C) OSU/Central ‚ù§NearEVERYTHING,Entire home/apt,71,1,44
Charming 3BR w/King Bed-Walkable OSU/Short North,Entire home/apt,193,1,21
Sparkling 3BR/Remodeled/Walk to Campus+Short North,Entire home/apt,275,1,8
‚ù§Ô∏èPerfect getaway‚ù§Ô∏è2BR/Free Parking/Fast WIFI/Gym,Entire home/apt,99,1,41
‚≠êPrivate 2-BR Apartment‚≠êMins to Ohio State Campus‚≠ê,Entire home/apt,93,1,30
‚≠êSpacious 2-Bedroom‚≠êFree Parking‚≠êNear OSU‚≠ê,Entire home/apt,101,1,38
Stylish 2-Bedroom‚ù§Ô∏èGym‚ù§Ô∏èWiFi‚ù§Ô∏èMins away from OSU‚ù§Ô∏è,Entire home/apt,92,1,34
‚ù§Ô∏èFabulous 2 BR Apartment‚ù§Ô∏ènear Ohio State Campus!,Entire home/apt,89,1,25
The Music Box - Comfy  Clean and Centrally Located,Entire home/apt,60,1,22
Blazing Fast Wifi | High-End Amenities | Sanitized,Entire home/apt,251,1,3
LUXURY 1BR APARTMENT l ENTERTAINMENT + FREE PARK,Entire home/apt,75,1,57
Short North Studio with off-street parking,Entire home/apt,63,7,49
Newly Renovated (9D) OSU/Central ‚ù§NearEVERYTHING,Entire home/apt,74,1,43
German Village on Mohawk St,Entire home/apt,132,2,2
LUXURY ONE BEDROOM AT 190 SOUTH HIGH - FREE PARK.,Entire home/apt,72,1,69
‚ñ∂NEW HOME 2‚óÄ North OSU/Greater Columbus/Downtown,Entire home/apt,398,2,0
‚ñ∑NEW HOME 1‚óÅ North OSU/Greater Columbus/Downtown,Entire home/apt,512,2,1
#2 Near Mapfre  OSU  Hospitals  Arenas & Downtown,Entire home/apt,130,2,4
Short North Kennels - PUNK SUITE,Entire home/apt,214,1,38
Cozy Bohemian,Private room,90,30,0
#1 Near Mapfre  OSU  Hospitals  Arenas & Downtown,Entire home/apt,130,2,3
Renovated 2story (9C) OSU/Central ‚ù§NearEVERYTHING,Entire home/apt,71,1,30
Newly Renovated (9E) OSU/Central ‚ù§NearEVERYTHING,Entire home/apt,74,1,37
Shellee's Place,Entire home/apt,102,2,30
Victorian Village 2 Story House,Entire home/apt,214,1,7
The Short North Retreat III - Free Private Parking,Entire home/apt,88,1,33
‚ñ∂LAURIE Room‚óÄ North OSU/Greater Columbus/Downtown,Private room,46,2,3
‚ñ∂LEAH Room‚óÄ North OSU/Greater Columbus/Downtown,Private room,39,2,3
‚ñ∂LILY Room‚óÄ North OSU/Greater Columbus/Downtown,Private room,39,2,11
Entire House/Close to OSU  Downtown-14 guests,Entire home/apt,355,2,12
‚ñ∂LUCY Room‚óÄ North OSU/Greater Columbus/Downtown,Private room,42,2,6
‚ñ∑GABRIELLE ROOM‚óÅ North OSU/Near Downtown CBUS,Private room,32,2,7
‚ñ∑GINA ROOM‚óÅ North OSU/Near Downtown CBUS,Private room,35,2,8
Queen bed 1st Red,Private room,37,1,20
2Twin Beds/OSU  Mapfre  Downtown 2nd little Yellow,Private room,38,1,2
Large Room w/ Queen bed 2nd Tough of Grey,Private room,39,1,19
Queen Bed/OSU  Short North 2nd over the sky,Private room,38,1,9
2 Twin Beds/private bathroom /OSU  Short North,Private room,43,1,6
Cozy  Private Room Near Dwntwn & Children‚Äôs Hosp,Private room,38,2,21
‚ñ∑GRACE ROOM‚óÅ North OSU/Near Downtown CBUS,Private room,39,2,1
‚ñ∑GWEN ROOM‚óÅ North OSU/Near Downtown CBUS,Private room,34,2,1
Snug  Private Room Near Downtown & Children‚Äôs Hosp,Private room,38,2,7
Home Away from Home In Quiet Neighborhood,Entire home/apt,82,1,30
Spacious 3BR In Quiet Neighborhood,Entire home/apt,106,1,30
Luxurious Mid-Century Home in German Village,Entire home/apt,118,2,55
üî∏Comfortable and close to it all!üî∏,Entire home/apt,100,1,61
Affordable Luxury in Columbus  Ohio!,Entire home/apt,300,7,4
Housepitality- Southern Orchards Cottage -Flexible,Entire home/apt,100,1,11
2 BR Apt -> King Bed  Walk Wex Med Ctr  Short Nrth,Entire home/apt,70,1,37
The Short North Urban Cottage - Private Parking!!!,Entire home/apt,98,1,39
GORGEOUS ONE BEDROOM DOWNTOWN COLUMBUS APT,Entire home/apt,69,1,68
Welcome to the Jungle - Short North Columbus üåøüêØ,Entire home/apt,146,1,91
Columbus Private Stay,Entire home/apt,41,1,27
Anderson Estate Near Downtown Franklin Park,Entire home/apt,148,2,20
 Wait N' Sea  your 2BR near Easton/John Glenn,Entire home/apt,95,4,4
5 üåü Comfort & Convenience! Minutes to Downtown/OSU,Entire home/apt,96,1,62
üíöThe Emerald Loftüíö w/Pool + Gym + Garage Parking!,Entire home/apt,137,28,21
Housepitality ~ The Mint Julep House,Entire home/apt,121,1,17
Beauty by the airport,Entire home/apt,71,1,27
Short North 1 Bed Retreat ‚ô• Walk to Heart of City,Entire home/apt,50,1,51
Modern Downtown Apartment on the Columbus Commons,Entire home/apt,82,4,35
Spacious Apartment ‚òÖ Walk Everywhere ‚òÖFree Parking,Entire home/apt,88,1,14
‚≠êÔ∏è Stylish Polaris 2BR w/Balcony + Pool + Gym! ‚≠êÔ∏è,Entire home/apt,139,28,7
Cozy Private Townhouse  Stroll to Short North!,Entire home/apt,109,3,13
Newly Renovated (9A) OSU/Central ‚ù§NearEVERYTHING,Entire home/apt,73,1,34
BRAND NEW: Modern Townhome in German Village,Entire home/apt,211,2,8
Apartment in Historic Olde Towne East - Bryden Rd,Entire home/apt,55,2,7
Maple Oasis,Entire home/apt,139,1,31
Welcoming 1BD/1BA Apt by Downtown  German Village,Entire home/apt,103,1,39
Amazing Apartment in the Heart of Downtown,Entire home/apt,68,3,39
Entire 2-Unit Duplex in Charming German Village,Entire home/apt,319,2,3
‚òÖ Modern 2BR Apt w/Pool + Gym + Easy Parking! ‚òÖ,Entire home/apt,137,30,16
The King's Flat w/Fiber Optic WiFi + Washer/Dryer!,Entire home/apt,126,28,9
Cozy Private Room with On-Suite Private Bathroom,Private room,42,2,25
Modern  Queen Bed business-gamer getaway-Polaris,Entire home/apt,100,3,44
Cozy 2 Bedroom Home,Entire home/apt,74,2,28
Cozy North Columbus 10 min from Airport,Entire home/apt,150,1,13
Quiet/Safe/Clean/FRee Parking 2 bed home,Entire home/apt,96,2,1
Paper White Penthouse‚ÄîDOWNTOWN/CONVENTION CENTER,Entire home/apt,201,2,4
The Short North Arches Studio‚ÄîCONVENTION CTR/ARENA,Entire home/apt,115,2,7
Charming Franklinton bungalow west of Downtown,Entire home/apt,81,1,15
Cozy Brick Room with Private Bathroom,Private room,34,2,16
‚òÖ Designer 2BR Apt w/Garage Parking + Fast WiFi ‚òÖ,Entire home/apt,172,28,18
Peony Place/Great for Work from Home or Families,Entire home/apt,178,2,6
Columbus Grand Hotel  Premium King Non Smoking,Private room,7000,1,1
FANTASTIC 3BR TOWNHOUSE (Long term available),Entire home/apt,55,2,20
Columbus Grand Hotel  Premium 2 Double Non Smoking,Private room,7000,1,1
Pet-Friendly King 1BR w/Garage Parking!,Entire home/apt,158,28,10
Long St Manor,Entire home/apt,95,1,9
‚òÖ Modern Pet-Friendly 1BR w/King Bed + Parking! ‚òÖ,Entire home/apt,126,28,14
Lux Carriage House‚ÄîShort North/Convention Center,Entire home/apt,224,2,1
3 bedroom 1.5 bath  luxurious and stately home,Entire home/apt,180,1,8
Small Cottage in German Village Area,Entire home/apt,106,1,24
SPACIOUS 3BR KING BED‚ù§Ô∏è8 minutes from downtown!,Entire home/apt,82,1,61
Grand Opening Stunner Close to All Things Columbus,Entire home/apt,185,1,16
The Souder Sanctuary-Great for a FAMILY STAYCATION,Entire home/apt,170,2,0
42 Hawks Carriage House - The City Cottage - Unique | Cozy,Entire home/apt,97,1,7
Nice Cozy Quiet Location,Private room,25,30,0
Blazing Fast Wifi | Chef's Kitchen | Spa Bathroom,Entire home/apt,166,2,24
üíé2BR/1BA w Tempur Pedic bed‚≠êÔ∏èBackyard‚úîNew Kitchen,Entire home/apt,57,1,46
Housepitality - The Azure Cottage - OSU/Old North,Entire home/apt,133,1,10
Anna Paradise # 5,Private room,26,2,5
Capital City Retreat,Entire home/apt,75,30,5
Updated German Village 2BR Condo Perfect Location!,Entire home/apt,88,1,9
Short North Kennels - ELVIS SUITE,Entire home/apt,215,1,26
Standard Room - Full Service B&B,Private room,95,1,0
Standard Suite - Full Service B&B,Private room,125,1,0
üî∏Downtown Destination- Southern Orchardsüî∏,Entire home/apt,111,1,7
L31-Blueberry at LX Loft ‚ö° Private Keypad Room,Private room,31,1,35
L32-Raspberry at LX Loft ‚ö° Private Keypad Room,Private room,199,1,37
MODERN HOME  CLOSE TO EVERYTHING  HEPA FILTERED!,Entire home/apt,121,2,19
L33-Kiwi at LX Loft ‚ö° Private Keypad Room,Private room,28,1,42
L34-Fig at LX Loft ‚ö° Private Keypad Room,Private room,29,1,33
KMPSSBLINC Bed and breakfast-hub smoke free,Private room,100,1,0
Aesthetic Condo minutes from Downtown 313,Entire home/apt,91,2,30
Aesthetic Condo Minutes From Downtown 315,Entire home/apt,91,2,32
Modern Downtown Luxury Apartment,Entire home/apt,74,3,18
Victorian Village Villa - A Kid Friendly Place,Entire home/apt,228,1,68
Updated & Convenient downtown condo,Entire home/apt,92,3,9
Light House,Entire home/apt,102,3,0
Short North Flat ‚ú∞ Full Ktchn  Walk to Everything!,Entire home/apt,58,1,30
Cozy Ohio State 1bd ‚≠êÔ∏è OVERLOOK High St FreeParking,Entire home/apt,55,1,42
üèôJourneyBNB - Amazing Townhouse with Fireplaceüèô,Entire home/apt,129,1,18
üí´JourneyBNB - Crisp Townhouse with Fireplaceüí´,Entire home/apt,107,1,28
We Love Longer Stays! Flex Cancellation Policy!,Entire home/apt,84,2,12
Flex Cancellation | Full Kitchen | Private Entrance,Entire home/apt,83,2,27
PPD,Private room,50,40,0
Light House: Bedroom 1,Private room,33,2,6
Light House: Bedroom 2,Private room,33,2,5
Spacious Home Minutes from Downtown & Short North,Entire home/apt,102,2,38
Brand New Olde Towne East 3BR 5 Mins to Downtown!,Entire home/apt,123,1,7
Brand New Massive 4BR/2.5BA 5 Mins to Downtown!,Entire home/apt,182,1,3
‚ô° Ohio State Pad ‚ô° Walk to High St & Campus!,Entire home/apt,49,1,27
The Serenity-Now House (NEW!) ~ Housepitality,Entire home/apt,91,1,12
Housepitality ~ The Shiny Beaux Chateau (NEW!),Entire home/apt,104,1,7
Campus Charm ‚ô¶Ô∏è Roku TV  Walk to High St Eats!,Entire home/apt,45,1,18
Heart of OSU Studio ‚ú® FreeParking  Walk to High St,Entire home/apt,44,1,14
High Street OSU Retreat üåøüíõ by Starbucks & Campus,Entire home/apt,47,1,24
Easy Parking ‚ô• Heart of Ohio State Walk to High St,Entire home/apt,49,1,33
Modern Edge Rustic Charm Condo‚ÄîDOWNTOWN/CONV CTR,Entire home/apt,136,2,1
Ohio State Studio ‚úØ Free Parking  Steps to High St,Entire home/apt,43,1,25
Kitchen / Parking / Wifi ‚ú∏ Walk to High St Studio,Entire home/apt,49,1,14
Olde Towne Champion 2 Bedroom Townhouse,Entire home/apt,104,2,2
Clintonville Community Home,Entire home/apt,154,1,15
Cow Town Patio Loft‚ÄîCONVENTION CENTER/SHORT NORTH,Entire home/apt,115,2,4
Tom's Downtown Carriage House ( near everything),Entire home/apt,250,2,3
Renovated CentralD‚ù§GermanVillage/ChildrensHospital,Entire home/apt,82,1,40
Old Town East 1 bed sleeps 4 pet friendly Forest A,Entire home/apt,69,2,14
Comfy guest bedroom near Dublin  Worthington  OSU,Private room,40,30,0
Private Home in German Village area near Downtown,Entire home/apt,96,2,13
Brand New Large 2BR/1B Olde Towne East Townhouse,Entire home/apt,106,1,6
Private Southern Orchards Carriage House,Entire home/apt,107,1,20
Renovated CentralC‚ù§GermanVillage/ChildrensHospital,Entire home/apt,83,1,27
Wonders of the World,Entire home/apt,55,30,1
German Village Pied √† Terre,Entire home/apt,111,1,23
Rose Marie,Entire home/apt,96,1,34
Cozy private room & bath: close to downtown!,Private room,51,1,2
Housepitality ~ The Peacock House,Entire home/apt,108,1,1
Spacious Modern Condo Heart of Victorian Village 795,Entire home/apt,141,2,43
Updated German Village 1BD Condo Steps to Downtown,Entire home/apt,75,1,16
Housepitality - The Sunset House,Entire home/apt,114,1,11
Steps from High St. | Work From Here | Sanitized,Entire home/apt,81,2,21
4Bd Glen Echo Get Away - OSU/Fairgrounds/Mapfre,Entire home/apt,120,3,16
The Magnolia/Olde Towne East/3BDRM Home,Entire home/apt,107,2,9
Modern Ranch Living -- The Guston Place,Entire home/apt,90,30,3
Newly Renovated Near Franklin Park  DT & Capital U,Entire home/apt,81,2,14
Spacious 3 br apartment located near OSU campus,Entire home/apt,179,3,0
ENTIRE Penthouse near Downtown  OSU& Short North,Entire home/apt,228,14,0
Quaint 1 bedroom apartment in the Short North!,Entire home/apt,73,1,74
Urban Townhome minutes from Downtown Columbus!,Entire home/apt,70,2,18
üè° JourneyBNB - Columbus getaway sleeps 8 üè°,Entire home/apt,93,1,14
Close to everything (but not too close) #1,Entire home/apt,49,7,5
2BR in the short North next to high street,Entire home/apt,63,1,40
Perfect 1BR apt in Short North close to OSU  DWTN,Entire home/apt,58,1,52
Studio in the Short North!,Entire home/apt,50,1,36
Affordable Short North 1BR - mins to everything!,Entire home/apt,54,1,11
The Dahlia/Work from Home,Entire home/apt,117,2,23
2 Bedroom Newly Built . FULLY furnished,Entire home/apt,139,30,0
Historic Top Floor Condo ‚ù§ of Short North 30+ days,Entire home/apt,120,30,0
L52-Bamboo at LX Loft ‚ö° Private Keypad Room,Private room,375,1,17
üí´JourneyBNB - Comfortable townhouse near airport‚úàÔ∏è,Entire home/apt,97,1,31
NEW LUXURY 1BR APARTMENT NEAR HEART OF COLUMBUS,Entire home/apt,81,1,21
New Condo ‚ù§ of Short North & Free Parking 30+ Days,Entire home/apt,120,30,0
L43-Disney at LX Loft üóù Private Keypad Room,Private room,37,1,39
L42-Eiffel *** STAFF ONLY ***,Private room,199,1,25
L41-Niagara at LX Loft üóù Private Keypad Room,Private room,26,1,37
BRAND NEW GORGEOUS 1BR APARTMENT I GYM + FREE PARK,Entire home/apt,81,1,21
MODERN ONE BEDROOM APARTMENT IN THE HEART OF COL,Entire home/apt,79,1,23
STATE OF THE ART 1BR APARTMENT IN HEART OF COL,Entire home/apt,79,1,26
HIGH END 1BR APARTMENT I BEAUTIFUL VIEW OF COL,Entire home/apt,81,1,39
BRAND NEW LUXURY ONE BEDROOM APT I GYM + FREE PARK,Entire home/apt,89,1,22
The Cellar - Fully Renovated Unit in Clintonville,Entire home/apt,69,1,4
Pristine 2 BR House - Short North / Downtown!,Entire home/apt,145,1,5
BRAND NEW HUGE LUXURY HOME W/ TERRACE! MUST SEE!,Entire home/apt,279,2,19
HUGE NEW LUXE HOME W/ TERRACE! BEST AIRBNB IN CBUS,Entire home/apt,270,2,8
Huge Updated 2BR/1B Olde Towne East Townhouse,Entire home/apt,93,1,6
Housepitality - The Treetop Hideaway - OSU area,Entire home/apt,73,1,3
MODERN COTTAGE IN THE HEART OF COL l FREE PARKING,Entire home/apt,91,1,32
Schumacher Place/German Village TownHome,Entire home/apt,78,1,29
Jungle Fever - Short North Columbus üåøüêØ,Entire home/apt,145,1,36
Beautiful Mid-Century Home in German Village,Entire home/apt,112,2,23
New Luxe Townhome in Short North w/ Terrace!!,Entire home/apt,463,1,28
Modern 2b King/Queen business gamer Retreat-Easton,Entire home/apt,129,2,15
Long Term Three Bedroom Perfect for Travel Nurses,Entire home/apt,99,30,1
Upscale 1BR Apt in Downtown,Entire home/apt,83,1,3
Walkable 1BR Apt with Parking,Entire home/apt,83,30,2
Urban 1BR Apt Near Ohio Theatre,Entire home/apt,83,1,4
Chic 1BR Apt Near the Park,Entire home/apt,82,30,4
Modern and Lively 1BR Apt,Entire home/apt,83,30,5
1BR Apt Near Palace Theatre,Entire home/apt,82,1,10
Spacious Downtown Apartment,Entire home/apt,65,30,1
Beautiful Vintage Contemporary Townhouse,Entire home/apt,60,30,0
Rest a while 1,Private room,35,30,0
Rest a while 2,Private room,35,30,0
Shared Room,Shared room,15,5,0
Industrial Flat - EJ Thomas Factory - Short North,Entire home/apt,85,1,26
Walk to Campus Studio ‚ú∞ High St  Free Parking,Entire home/apt,48,1,7
üåüSpectaular Townhouse Close to Downtownüåü,Entire home/apt,132,1,14
Rustic/Modern Downtown Oasis,Entire home/apt,196,1,29
Columbus Gateway! Minutes away from attractions.,Entire home/apt,70,1,38
 Coffee Shop Feel  within a Historic Manor,Entire home/apt,196,1,20
The Victorian Greenhouse üåø King Bd/Prvate Parking,Entire home/apt,63,1,38
Bohemian Flat - Short North - Free Parking,Entire home/apt,82,1,18
$500 off Price reflects discount,Entire home/apt,80,30,0
Spacious Short North 3 level Home- private parking,Entire home/apt,170,2,34
‚ú¶ Bexley Breeze Getaway ‚ú¶ New King Bed,Entire home/apt,132,2,7
Beautiful Downtown Rooftop -Walking distance to Breweries,Entire home/apt,197,1,38
Spacious newly-renovated Downtown Columbus home,Entire home/apt,90,30,1
Cozy Townhome near Children's Hospital & Downtown,Entire home/apt,106,1,4
New  Franklin Retreat  Steps From Franklin Park!!,Entire home/apt,300,2,10
Norwood Inn Columbus - 2Queen Bed Suite Non-Smoking,Private room,53,1,1
Housepitality~ The Columbus A-List House,Entire home/apt,228,1,8
Townhouse in City with Great Walkable Options,Entire home/apt,82,1,21
Private Backyard | 2-Car Garage | German Village,Entire home/apt,118,2,2
Old Towne Brick Beauty,Entire home/apt,96,1,5
The OSU Friends & Fam House (Flexible),Entire home/apt,166,1,1
The Bryden Park Townhouse,Entire home/apt,98,1,2
The Blue Ribbon Hideaway,Entire home/apt,105,1,0
The Spacious Hilliard House,Entire home/apt,132,1,3
3 Story Townhouse Walkable Community,Entire home/apt,99,2,6
Merion Village Townhome with parking,Entire home/apt,67,1,4
Housepitality ~ The Reichstag Suite - Modern,Entire home/apt,73,1,5
Housepitality - The Brandenburg Suite - Efficiency,Entire home/apt,69,1,6
L35-Damson at LX Loft ‚ö° Private Keypad Room,Private room,30,1,14
L15-Suite at LX Loft ‚ö° Private Keypad Room,Private room,31,1,9
Cozy  updated downstairs 2 bedroom apartment,Entire home/apt,84,1,8
Housepitality ~ The Secret Garden Condo(Downtown!),Entire home/apt,113,30,1
Townhome | Close to Nationwide Children's Hospital,Entire home/apt,281,30,0
New Build Luxury Townhome | Short North w/ Terrace,Entire home/apt,436,1,7
L62-Atari at LX Loft üóù Private Keypad Room,Private room,29,1,17
L63-Pinball at LX Loft üóù Private Keypad Room,Private room,37,1,6
Norwood Inn Columbus - Standard 1 King Bed Non-Smoking,Private room,55,1,2
German Village | Washer/Dryer | Close to Childrens,Entire home/apt,89,2,4
Short North Studio @ Goodale Park,Entire home/apt,93,2,14
Spacious Clintonville Craftsman near everything!,Entire home/apt,200,30,0
"üíñSPECIAL $94
BIG HOUSE-3 BEDROOM
2 FULL BATHROOMS",Entire home/apt,210,1,1
Brand New Downtown Columbus condo with a view- 516,Entire home/apt,61,1,7
Brand new Premier Downtown Condo - 518,Entire home/apt,61,1,13
Brand new Premier Downtown Condo - 519,Entire home/apt,63,1,9
*Downtown Columbus Condo with a View* 611,Entire home/apt,81,1,10
Brand new Premier Downtown Condo - 613,Entire home/apt,77,1,9
Brand new Premier Downtown Condo - 614,Entire home/apt,61,1,5
*Downtown Columbus Condo with a View* 615,Entire home/apt,67,1,11
Brand New Downtown Condo/Near Nationwide Children's- 617,Entire home/apt,135,1,6
Brand New Downtown Condo/Near Nationwide Children's- 618,Entire home/apt,61,1,4
*Downtown Columbus Condo with a View*,Entire home/apt,68,1,8
Brand new Premier Downtown Condo - 612,Entire home/apt,61,1,25
Brand new Premier Downtown Condo - 620,Entire home/apt,61,1,7
*Modern Condo with Gym & Free Parking*  616,Entire home/apt,70,1,6
‚òÖ Under the Sea ‚òÖ Private Home with Game Room ‚òÖ,Entire home/apt,139,2,14
Spacious CBus Home with Cozy Loft,Entire home/apt,100,30,0
1 BR Condo Downtown Cbus | Business Travel- 511,Entire home/apt,81,1,4
*Modern Condo with Gym & Free Parking*- 512,Entire home/apt,61,1,12
Brand New Downtown Condo/Near Nationwide Children's- 513,Entire home/apt,75,1,4
Brand new Premier Downtown Condo - 514,Entire home/apt,61,1,10
*Downtown Columbus Condo with a View* 515,Entire home/apt,68,1,9
Pet friendly 1 bedroom 771 Northview B Bexely,Entire home/apt,60,2,7
The Playful London Flat‚ÄîDowntown/Convention Center,Entire home/apt,115,2,2
OSU High St Studio üïä Parking / 200Mb WIFI / KTCHN,Entire home/apt,45,1,7
‚ô° The OSU Charmer ‚ô° Walk to Campus  Free Parking,Entire home/apt,48,1,11
Ohio State Comfort üåæ Free PRKG  Walk to High St!,Entire home/apt,50,1,18
Chic Loft of Short North‚ú® Walk High St  Full KTCHN,Entire home/apt,58,1,23
Renovated CentralB‚ù§GermanVillage/ChildrensHospital,Entire home/apt,84,1,7
Sunlit Clintonville ranch home  Long-term rental,Entire home/apt,100,90,0
Brand new Premier Downtown Condo - 412,Entire home/apt,61,1,17
Brand new Premier Downtown Condo - 413,Entire home/apt,80,1,9
*Downtown Columbus Condo with a View* 415,Entire home/apt,68,1,8
Brand New Condo next to Children's Hospital- 420,Entire home/apt,61,1,12
Brand new Premier Downtown Condo - 417,Entire home/apt,62,1,7
Brand new Premier Downtown Condo - 418,Entire home/apt,61,1,22
Pet friendly 1 bedroom Northview D Near Airport,Entire home/apt,60,2,4
Brand new Premier Downtown Condo - 318,Entire home/apt,61,1,16
Live + Work + Stay + Easy | 1BR in Westerville,Entire home/apt,98,30,0
Nice room 10 minute drive from campus! Long stays,Private room,25,30,1
Beautiful 3 BR house w best location in Columbus.,Entire home/apt,180,2,2
‚òÖ Lion Safari ‚òÖ Private Home with Game Room ‚òÖ,Entire home/apt,186,2,7
Brand New Downtown Condo/Near Nationwide Children's- 312,Entire home/apt,60,1,7
Olde Town East/Children's Hospital Luxury Room NEW,Private room,49,2,2
Brand new Premier Downtown Condo - 219,Entire home/apt,61,1,7
Pet Friendly | 1 BR Downtown Condo - 216,Entire home/apt,70,1,4
Brand new Premier Downtown Condo - 218,Entire home/apt,56,1,16
Safety Hideaway - Medical Grade Clean Downtown Condo,Entire home/apt,61,1,8
Brand New Downtown Condo/Near Nationwide Children's- 319,Entire home/apt,61,1,5
Brand New Downtown Condo/Near Nationwide Children's- 520,Entire home/apt,55,1,9
Brand new Premier Downtown Condo - 517,Entire home/apt,61,1,5
Spacious Modern Condo Heart of Victorian Village 797,Entire home/apt,142,2,2
The Goodale Park Overlook (Suite),Entire home/apt,71,2,10
The Goodale Park Hideout,Entire home/apt,71,2,11
"Location 
Downtown Columbus  Oh",Entire home/apt,89,5,0
Homey place just for you | 1BR in Columbus,Entire home/apt,89,30,0
Homey place just for you | 1BR in Columbus,Entire home/apt,95,30,0
Homey place just for you | 1BR in Columbus,Entire home/apt,92,30,0
Upscale apartment home | 1BR in Columbus,Entire home/apt,98,30,0
Homey place just for you | 2BR in Columbus,Entire home/apt,121,30,0
Homey place just for you | 2BR in Columbus,Entire home/apt,117,30,0
Entire apartment for you | 2BR in Columbus,Entire home/apt,109,30,0
Entire apartment for you | 1BR in Columbus,Entire home/apt,90,30,0
Entire apartment for you | 2BR in Columbus,Entire home/apt,114,30,0
Live + Work + Stay + Easy | 2BR in Westerville,Entire home/apt,116,30,0
Safety Hideaway - Medical Grade Clean Condo in the Heart of Downtown,Entire home/apt,60,1,4
Safety Hideaway - Medical Grade Clean Condo in the Heart of Columbus 317,Entire home/apt,60,1,6
Homey place just for you | 2BR in Columbus,Entire home/apt,121,30,0
L16 ***STAFF ONLY***,Shared room,99,1,1
Bedroom + 2 sweet cats close to OSU & Short North!,Private room,25,7,0
Brand New Condo next to Children's Hospital-  320,Entire home/apt,60,1,11
Safety Hideaway - Medical Grade Clean Downtown Condo with Stunning View- 315,Entire home/apt,67,1,3
Brand New Condo next to Children's Hospital- 414,Entire home/apt,54,1,5
Homey place just for you | 1BR in Columbus,Entire home/apt,90,30,0
Charming 3 Bedroom Mid Century Clintonville Home.,Entire home/apt,115,2,2
Large Condo ‚ù§ of Downtown- 30 Day Min Stay,Entire home/apt,110,45,0
Brand new Premier Downtown Condo - 214,Entire home/apt,63,1,3
Brand New Downtown Condo/Near Nationwide Children's- 419,Entire home/apt,60,1,7
Homey place just for you | 1BR in Columbus,Entire home/apt,96,30,0
Live + Work + Stay + Easy | 1BR in Westerville,Entire home/apt,97,30,0
L65-Jumanji at LX Loft üóù Private Keypad Room,Private room,32,1,14
Live + Work + Stay + Easy | 1BR in Westerville,Entire home/apt,98,30,0
OSU Retreat üíé Wifi Workspace  Kitchen  Free PRKG,Entire home/apt,50,1,9
Cute and Cozy 3 Bedroom Ranch Home,Entire home/apt,112,2,2
Live + Work + Stay + Easy | 2BR in Westerville,Entire home/apt,118,30,0
Brand new Premier Downtown Condo - 416,Entire home/apt,68,1,8
Newly Renovated (9B) OSU/Central ‚ù§NearEVERYTHING,Entire home/apt,71,1,5
Homey place just for you | 1BR in Columbus,Entire home/apt,89,30,0
Housepitality - The Old North Flat,Entire home/apt,80,1,0
Housepitality - Top Choice Flat,Entire home/apt,109,1,7
Old Town East 1 bed sleeps 4 pet friendly Forest B,Entire home/apt,59,2,4
Brand New Luxury 3B/2.5BA - 5 Min to Downtown!,Entire home/apt,153,2,1
Upscale apartment home | 1BR in Columbus,Entire home/apt,91,30,0
Historic Home in the Heart of German Village,Entire home/apt,113,1,15
Entire apartment for you | 2BR in Columbus,Entire home/apt,109,30,0
Homey place just for you | 1BR in Columbus,Entire home/apt,86,30,0
Privacy near Grandview  OSU  and the Short North,Entire home/apt,129,1,7
Large Bedroom in Penthouse Condo- 30 Day Min Stay,Private room,55,30,0
Large private bedroom & bathroom in grandview area,Private room,99,5,0
Homey place just for you | 2BR in Columbus,Entire home/apt,117,30,0
Housepitality - The Old North Guest House - OSU,Entire home/apt,118,1,0
Housepitality - Old North Classic House - Near OSU,Entire home/apt,112,1,1
2bdr King/Queen WIFI-Nintendo Switch -Polaris,Entire home/apt,133,2,5
L22-Cobblestone at LX Loft üóù Private Keypad Room,Private room,26,1,13
Pet Friendly 1 BD Large Stylish Miller 3B,Entire home/apt,59,2,3
Homey place just for you | 1BR in Columbus,Entire home/apt,92,30,0
2 King Size Bedrooms Minutes From Polaris Mall,Entire home/apt,95,3,0
Live + Work + Stay + Easy | 2BR in Westerville,Entire home/apt,117,30,0
Printer | Laundry | King Beds | Townhome | Coffee,Entire home/apt,91,31,0
L61-Tetris at LX Loft üóù Private Keypad Room,Private room,25,1,5
Private House Near Campus  No Cleaning Fee,Entire home/apt,136,1,5
The Wellington,Private room,1015,300,0
Upscale apartment home | 1BR in Columbus,Entire home/apt,90,30,0
Entire House 2BR w/ Driveway Parking OSU GameDay,Entire home/apt,96,1,0
QUIET and COZY home  close to EVERYTHING!!,Entire home/apt,49,1,4
‚ÄúOut of this World‚Äù King BR in Downtown Columbus,Entire home/apt,86,2,3
Private Backyard/Patio Home  Heart of Victorian Village,Entire home/apt,115,2,2
Cozy 3 bd near Ohio State University and Downtown,Entire home/apt,70,3,3
Safety Hideaway - Medical Grade Clean Home  Downtown Columbus,Entire home/apt,80,1,1
Rest a while 3,Private room,38,30,0
The Silver Sunburst Flat‚ÄîDowntown/Arena District,Entire home/apt,115,2,0
Bright + Modern 1BR in Downtown,Entire home/apt,83,30,0
Modern 1BR Apt in Downtown,Entire home/apt,83,30,0
Beautiful 1BR Apt in Downtown,Entire home/apt,83,30,0
Homey place just for you | 1BR in Columbus,Entire home/apt,94,30,0
Entire apartment for you | 2BR in Columbus,Entire home/apt,119,30,0
Live + Work + Stay + Easy | 2BR in Westerville,Entire home/apt,118,30,0
Live + Work + Stay + Easy | 1BR in Westerville,Entire home/apt,102,30,0
Entire apartment for you | 2BR in Columbus,Entire home/apt,118,30,0
Urban 3BD Apt. Near Children's  Downtown  & OTE,Entire home/apt,99,1,2
Urban 3 BD Apt. close to Children's/Downtown/OTE,Entire home/apt,74,1,3
German Village Home 2,Entire home/apt,144,1,0
Entire apartment for you | 2BR in Columbus,Entire home/apt,113,30,0
Pet Friendly 1 BD Large Stylish Miller 2D,Entire home/apt,60,2,0
Large Stylish Studio  Pet Friendly  2111 5th,Entire home/apt,57,2,0
Pet Friendly 1 BD Large Stylish Miller 3D,Entire home/apt,58,2,0
Cozy 2 Bedroom Apartment,Entire home/apt,40,30,0
Homey place just for you | 1BR in Columbus,Entire home/apt,95,30,0
Norwood Inn Columbus - 1 King Suite Non-smoking,Private room,58,1,0
Norwood Inn Columbus - Comfort 2 Queen Bed Non-Smoking,Private room,54,1,0
Rest easy and live life | 1BR in Westerville,Entire home/apt,103,30,0
Modern. Spacious. Great Location.,Entire home/apt,89,1,0
Great Amenities + Spacious Loft,Entire home/apt,89,1,0
Beautiful Views + Great Amenities,Entire home/apt,110,30,0
Modern + Great Amenities,Entire home/apt,89,1,0
Modern Loft + Incredible Amentites,Entire home/apt,92,1,0
Modern. Great Amenities . Spacious,Entire home/apt,91,1,0
Modern. Spacious. Great Amentities,Entire home/apt,89,1,0
New Complex + Great Amentities,Entire home/apt,90,1,0
Spacious + Great Comfort,Entire home/apt,99,1,0
Brand New 3BD/2BA 5 Mins to Downtown/Short North!,Entire home/apt,163,2,0
Rest easy and live life | 2BR in Westerville,Entire home/apt,120,30,0
OSU North Campus Security Building 2BR Apartment#1,Entire home/apt,28,30,0
Spacious Modern Flat + Comfort,Entire home/apt,88,1,0
Spacious Modern Retreat,Entire home/apt,93,2,0
Modern Spacious Retreat + Great Location,Entire home/apt,88,30,0
Modern Loft + Incredible Location,Entire home/apt,88,30,0
Massive Modern Townhouse,Entire home/apt,175,2,0
Huge Modern Townhouse,Entire home/apt,175,2,0
Massive Modern Townhouse + One Block From High St,Entire home/apt,169,2,0
Norwood Inn Columbus - 2 Queen Bed Non Smoking,Private room,52,1,0
Norwood Inn Columbus -1 Queen Bed Accessible Non Smoking,Private room,57,1,0
Entire House - Comfy & Clean Getaway Near Downtown,Entire home/apt,65,1,0
Massive Two Story + One Block From High St,Entire home/apt,149,30,0
Pet Friendly 1 Bedroom 771 Northview C,Entire home/apt,54,2,0
Pet Friendly 1 Bedroom Northview H,Entire home/apt,54,2,0
OSU North Campus Security Building 2BR Apartment#2,Entire home/apt,22,30,0
Whole House German Village - Frankfort,Entire home/apt,287,1,0
Spacious 3BR KING BED-Minutes from downtown  NEW!,Entire home/apt,61,1,0
Quiet Neighborhood  less than 10min to the airport,Private room,32,2,1
Massive Loft + Incredible Location,Entire home/apt,129,30,0
Charming Studio In the Heart of Campus,Entire home/apt,55,1,0
Cozy Studio + Great Location,Entire home/apt,55,1,0
Cozy Studio In the Heart of Campus,Entire home/apt,58,1,0
Stunning Studio + Incredible Location,Entire home/apt,55,1,0
Studio apartment on high street,Entire home/apt,70,31,0
Relaxing Studio + Great Location,Entire home/apt,61,1,0
Historic Spacious 4 bedroom / 3 bath  Detached 2 car garage,Entire home/apt,160,2,1
Modern Downtown Luxury Apartment w/ View,Entire home/apt,500,3,0
Quiet neighborhood closer to airport & Easton mall,Private room,33,1,1
Charming Studio + Comfortable Bed,Entire home/apt,61,1,0
Stunning Studio + Comfortable Bed,Entire home/apt,61,1,0
üå≥JourneyBNB Quiet Getaway in Obetz - Sleeps 6 üå≥,Entire home/apt,56,1,0
Norwood Inn Columbus - Deluxe 2 Queen Bed Non-Smoking,Private room,53,1,0
Homey place just for you | 1BR in Columbus,Entire home/apt,90,30,0
Live + Work + Stay + Easy | 1BR in Westerville,Entire home/apt,96,30,0
Entire apartment for you | 1BR in Columbus,Entire home/apt,89,30,0
Norwood Inn Columbus - Standard 2 Queen Bed Non-Smoking,Private room,52,1,0
Old Town East 1 bed sleeps 4 pet friendly Forest C,Entire home/apt,55,2,0
